insert into scalar (id, kind, metadata, referenced) VALUES
  (27, 'ColumnRef', '{ column: 33 }', true),
  (9, 'NaryOp', '{ op_kind: AND }', true),
  (28, 'ColumnRef', '{ column: 12 }', true),
  (2, 'NaryOp', '{ op_kind: AND }', true),
  (7, 'NaryOp', '{ op_kind: AND }', true),
  (18, 'NaryOp', '{ op_kind: AND }', true),
  (14, 'NaryOp', '{ op_kind: AND }', true);
insert into scalar (id, kind, metadata, referenced, parent_scalar, position) VALUES
  (30, 'BinaryOp', '{ op_kind: = }', false, 9, 0),
  (31, 'ColumnRef', '{ column: 0 }', false, 30, 0),
  (32, 'ColumnRef', '{ column: 9 }', false, 30, 1),
  (33, 'ColumnAssign', '{ column: 0 }', false, 4, 0),
  (34, 'ColumnRef', '{ column: 0 }', false, 33, 0),
  (35, 'ColumnAssign', '{ column: 17 }', false, 16, 0),
  (36, 'ColumnAssign', '{ column: 22 }', false, 16, 1),
  (37, 'ColumnAssign', '{ column: 23 }', false, 16, 2),
  (38, 'ColumnRef', '{ column: 17 }', false, 35, 0),
  (39, 'ColumnRef', '{ column: 22 }', false, 36, 0),
  (40, 'ColumnRef', '{ column: 23 }', false, 37, 0),
  (41, 'ColumnAssign', '{ column: 17 }', false, 23, 0),
  (42, 'ColumnAssign', '{ column: 12 }', false, 23, 1),
  (43, 'ColumnAssign', '{ column: 15 }', false, 23, 2),
  (44, 'ColumnRef', '{ column: 17 }', false, 41, 0),
  (45, 'ColumnRef', '{ column: 12 }', false, 42, 0),
  (46, 'ColumnRef', '{ column: 15 }', false, 43, 0),
  (47, 'BinaryOp', '{ op_kind: = }', false, 2, 0),
  (48, 'BinaryOp', '{ op_kind: <= }', false, 2, 1),
  (49, 'ColumnRef', '{ column: 6 }', false, 47, 0),
  (50, 'Literal', '{ value: FURNITURE::utf8_view }', false, 47, 1),
  (51, 'ColumnRef', '{ column: 0 }', false, 48, 0),
  (52, 'Literal', '{ value: 15000::bigint }', false, 48, 1),
  (53, 'ColumnAssign', '{ column: 12 }', false, 20, 0),
  (54, 'ColumnAssign', '{ column: 15 }', false, 20, 1),
  (55, 'ColumnAssign', '{ column: 17 }', false, 20, 2),
  (56, 'ColumnAssign', '{ column: 22 }', false, 20, 3),
  (57, 'ColumnAssign', '{ column: 23 }', false, 20, 4),
  (58, 'ColumnRef', '{ column: 12 }', false, 53, 0),
  (59, 'ColumnRef', '{ column: 15 }', false, 54, 0),
  (60, 'ColumnRef', '{ column: 17 }', false, 55, 0),
  (61, 'ColumnRef', '{ column: 22 }', false, 56, 0),
  (62, 'ColumnRef', '{ column: 23 }', false, 57, 0),
  (63, 'BinaryOp', '{ op_kind: <= }', false, 7, 0),
  (64, 'BinaryOp', '{ op_kind: < }', false, 7, 1),
  (65, 'BinaryOp', '{ op_kind: <= }', false, 7, 2),
  (66, 'ColumnRef', '{ column: 8 }', false, 63, 0),
  (67, 'Literal', '{ value: 150000::bigint }', false, 63, 1),
  (68, 'ColumnRef', '{ column: 12 }', false, 64, 0),
  (69, 'Literal', '{ value: 1995-03-29::date32 }', false, 64, 1),
  (70, 'ColumnRef', '{ column: 9 }', false, 65, 0),
  (71, 'Literal', '{ value: 15000::bigint }', false, 65, 1),
  (72, 'BinaryOp', '{ op_kind: = }', false, 18, 0),
  (73, 'ColumnRef', '{ column: 8 }', false, 72, 0),
  (74, 'ColumnRef', '{ column: 17 }', false, 72, 1),
  (75, 'ColumnAssign', '{ column: 33 }', false, 22, 0),
  (76, 'Function', '{ id: sum, kind: Aggregate, return_type: Decimal128(38, 4) }', false, 75, 0),
  (77, 'BinaryOp', '{ op_kind: * }', false, 76, 0),
  (78, 'ColumnRef', '{ column: 22 }', false, 77, 0),
  (79, 'BinaryOp', '{ op_kind: - }', false, 77, 1),
  (80, 'Literal', '{ value: 1::decimal128(20, 0) }', false, 79, 0),
  (81, 'ColumnRef', '{ column: 23 }', false, 79, 1),
  (82, 'ColumnAssign', '{ column: 17 }', false, 25, 0),
  (83, 'ColumnAssign', '{ column: 33 }', false, 25, 1),
  (84, 'ColumnAssign', '{ column: 12 }', false, 25, 2),
  (85, 'ColumnAssign', '{ column: 15 }', false, 25, 3),
  (86, 'ColumnRef', '{ column: 17 }', false, 82, 0),
  (87, 'ColumnRef', '{ column: 33 }', false, 83, 0),
  (88, 'ColumnRef', '{ column: 12 }', false, 84, 0),
  (89, 'ColumnRef', '{ column: 15 }', false, 85, 0),
  (90, 'ColumnAssign', '{ column: 8 }', false, 11, 0),
  (91, 'ColumnAssign', '{ column: 12 }', false, 11, 1),
  (92, 'ColumnAssign', '{ column: 15 }', false, 11, 2),
  (93, 'ColumnRef', '{ column: 8 }', false, 90, 0),
  (94, 'ColumnRef', '{ column: 12 }', false, 91, 0),
  (95, 'ColumnRef', '{ column: 15 }', false, 92, 0),
  (96, 'BinaryOp', '{ op_kind: > }', false, 14, 0),
  (97, 'BinaryOp', '{ op_kind: <= }', false, 14, 1),
  (98, 'ColumnRef', '{ column: 27 }', false, 96, 0),
  (99, 'Literal', '{ value: 1995-03-29::date32 }', false, 96, 1),
  (100, 'ColumnRef', '{ column: 17 }', false, 97, 0),
  (101, 'Literal', '{ value: 150000::bigint }', false, 97, 1);
insert into scalar (id, kind, referenced) VALUES
  (4, 'List', true),
  (16, 'List', true),
  (23, 'List', true),
  (20, 'List', true),
  (22, 'List', true),
  (25, 'List', true),
  (11, 'List', true);
insert into group (id,kind,metadata,cardinality,columns) VALUES
  (1,'LogicalGet','{ source: 1, first_column: 0, projections: [0, 6] }',15000,'0,6'),
  (6,'LogicalGet','{ source: 2, first_column: 8, projections: [0, 1, 4, 7] }',150000,'8,12,15,9'),
  (10,'LogicalJoin','{ join_type: Inner }',9000000,'12,8,9,15,0'),
  (13,'LogicalGet','{ source: 3, first_column: 17, projections: [0, 5, 6, 10] }',600572,'27,22,17,23'),
  (19,'LogicalJoin','{ join_type: Inner }',216205920000.00003,'8,12,22,17,23,15'),
  (29,'LogicalOrderBy','{ directions: [false, true] }',0.008000000000000002,'15,12,33,17');
insert into expression_scalar (expression_id, scalar_id, position) VALUES
  (3, 2, 0),
  (5, 4, 0),
  (8, 7, 0),
  (10, 9, 0),
  (12, 11, 0),
  (15, 14, 0),
  (17, 16, 0),
  (19, 18, 0),
  (21, 20, 0),
  (24, 22, 0),
  (24, 23, 1),
  (26, 25, 0),
  (29, 27, 0),
  (29, 28, 1);
insert into expression_input (expression_id, input_group, position) VALUES
  (3, 1, 0),
  (5, 3, 0),
  (8, 6, 0),
  (10, 5, 0),
  (10, 8, 1),
  (12, 10, 0),
  (15, 13, 0),
  (17, 15, 0),
  (19, 12, 0),
  (19, 17, 1),
  (21, 19, 0),
  (24, 21, 0),
  (26, 24, 0),
  (29, 26, 0);
insert into group (id,kind,cardinality,columns) VALUES
  (3,'LogicalSelect',1500,'0,6'),
  (5,'LogicalProject',1500,'0'),
  (8,'LogicalSelect',15000,'8,9,15,12'),
  (12,'LogicalProject',9000000,'8,12,15'),
  (15,'LogicalSelect',60057.200000000004,'22,17,27,23'),
  (17,'LogicalProject',60057.200000000004,'17,22,23'),
  (21,'LogicalProject',216205920000.00003,'23,22,17,12,15'),
  (24,'LogicalAggregate',0.008000000000000002,'33,12,17,15'),
  (26,'LogicalProject',0.008000000000000002,'33,15,12,17');