insert into scalar (id, kind, referenced) values (5, 'List(ListMetadata)', true);
insert into scalar (id, kind, referenced, parent_scalar) values (24, 'ColumnAssign(ColumnAssignMetadata { column: v#1 })', false, 5);
insert into scalar (id, kind, referenced, parent_scalar) values (25, 'ColumnAssign(ColumnAssignMetadata { column: v#5 })', false, 5);
insert into scalar (id, kind, referenced, parent_scalar) values (26, 'ColumnAssign(ColumnAssignMetadata { column: v#0 })', false, 5);
insert into scalar (id, kind, referenced, parent_scalar) values (27, 'ColumnRef(ColumnRefMetadata { column: v#1 })', false, 24);
insert into scalar (id, kind, referenced, parent_scalar) values (28, 'ColumnRef(ColumnRefMetadata { column: v#5 })', false, 25);
insert into scalar (id, kind, referenced, parent_scalar) values (29, 'ColumnRef(ColumnRefMetadata { column: v#0 })', false, 26);
insert into scalar (id, kind, referenced) values (14, 'Literal(LiteralMetadata { value: Boolean(Some(true)) })', true);
insert into scalar (id, kind, referenced) values (9, 'List(ListMetadata)', true);
insert into scalar (id, kind, referenced, parent_scalar) values (30, 'ColumnAssign(ColumnAssignMetadata { column: v#1 })', false, 9);
insert into scalar (id, kind, referenced, parent_scalar) values (31, 'ColumnAssign(ColumnAssignMetadata { column: v#5 })', false, 9);
insert into scalar (id, kind, referenced, parent_scalar) values (32, 'ColumnRef(ColumnRefMetadata { column: v#1 })', false, 30);
insert into scalar (id, kind, referenced, parent_scalar) values (33, 'ColumnRef(ColumnRefMetadata { column: v#5 })', false, 31);
insert into scalar (id, kind, referenced) values (7, 'ColumnRef(ColumnRefMetadata { column: v#0 })', true);
insert into scalar (id, kind, referenced) values (3, 'NaryOp(NaryOpMetadata { op_kind: And })', true);
insert into scalar (id, kind, referenced, parent_scalar) values (34, 'BinaryOp(BinaryOpMetadata { op_kind: Eq })', false, 3);
insert into scalar (id, kind, referenced, parent_scalar) values (35, 'ColumnRef(ColumnRefMetadata { column: v#2 })', false, 34);
insert into scalar (id, kind, referenced, parent_scalar) values (36, 'ColumnRef(ColumnRefMetadata { column: v#4 })', false, 34);
insert into group (id,logical_expression,cardinality,columns) values (1,'LogicalGet(LogicalGetMetadata { source: DataSourceId(1), first_column: v#0, projections: [0, 1, 2] })',25.0,'0,1,2');
insert into expression (id, group_id, kind) values (18, 1, 'PhysicalTableScan(PhysicalTableScanMetadata { source: DataSourceId(1), first_column: v#0, projections: [0, 1, 2] })');
insert into expression (id, group_id, kind) values (23, 1, 'EnforcerSort(EnforcerSortMetadata { tuple_ordering: [(v#0, Asc)] })');
insert into expression_input (expression_id, input_group, position) values (23, 1, 0);
insert into group (id,logical_expression,cardinality,columns) values (2,'LogicalGet(LogicalGetMetadata { source: DataSourceId(2), first_column: v#4, projections: [0, 1] })',5.0,'4,5');
insert into expression (id, group_id, kind) values (19, 2, 'PhysicalTableScan(PhysicalTableScanMetadata { source: DataSourceId(2), first_column: v#4, projections: [0, 1] })');
insert into group (id,logical_expression,cardinality,columns) values (4,'LogicalJoin(LogicalJoinMetadata { join_type: Inner })',50.0,'4,5,1,2,0');
insert into expression (id, group_id, kind) values (15, 4, 'PhysicalHashJoin(PhysicalHashJoinMetadata { join_type: Inner, keys: [(v#2, v#4)] })');
insert into expression_input (expression_id, input_group, position) values (15, 1, 0);
insert into expression_input (expression_id, input_group, position) values (15, 2, 1);
insert into expression_scalar (expression_id, scalar_id) values (15, 14);
insert into expression (id, group_id, kind) values (16, 4, 'PhysicalNLJoin(PhysicalNLJoinMetadata { join_type: Inner })');
insert into expression_input (expression_id, input_group, position) values (16, 1, 0);
insert into expression_input (expression_id, input_group, position) values (16, 2, 1);
insert into expression_scalar (expression_id, scalar_id) values (16, 3);
insert into expression (id, group_id, kind) values (17, 4, 'LogicalJoin(LogicalJoinMetadata { join_type: Inner })');
insert into expression_input (expression_id, input_group, position) values (17, 2, 0);
insert into expression_input (expression_id, input_group, position) values (17, 1, 1);
insert into expression_scalar (expression_id, scalar_id) values (17, 3);
insert into expression (id, group_id, kind) values (20, 4, 'PhysicalHashJoin(PhysicalHashJoinMetadata { join_type: Inner, keys: [(v#4, v#2)] })');
insert into expression_input (expression_id, input_group, position) values (20, 2, 0);
insert into expression_input (expression_id, input_group, position) values (20, 1, 1);
insert into expression_scalar (expression_id, scalar_id) values (20, 14);
insert into expression (id, group_id, kind) values (21, 4, 'PhysicalNLJoin(PhysicalNLJoinMetadata { join_type: Inner })');
insert into expression_input (expression_id, input_group, position) values (21, 2, 0);
insert into expression_input (expression_id, input_group, position) values (21, 1, 1);
insert into expression_scalar (expression_id, scalar_id) values (21, 3);
insert into expression (id, group_id, kind) values (22, 4, 'EnforcerSort(EnforcerSortMetadata { tuple_ordering: [(v#0, Asc)] })');
insert into expression_input (expression_id, input_group, position) values (22, 4, 0);
insert into group (id,logical_expression,cardinality,columns) values (6,'LogicalProject(LogicalProjectMetadata)',50.0,'1,5,0');
insert into expression (id, group_id, kind) values (12, 6, 'EnforcerSort(EnforcerSortMetadata { tuple_ordering: [(v#0, Asc)] })');
insert into expression_input (expression_id, input_group, position) values (12, 6, 0);
insert into expression (id, group_id, kind) values (13, 6, 'PhysicalProject(PhysicalProjectMetadata)');
insert into expression_input (expression_id, input_group, position) values (13, 4, 0);
insert into expression_scalar (expression_id, scalar_id) values (13, 5);
insert into group (id,logical_expression,cardinality,columns) values (8,'LogicalOrderBy(LogicalOrderByMetadata { directions: BitBox<usize, bitvec::order::Lsb0> { addr: 0x283c8d4ca70, head: 000000, bits: 1 } [1] })',50.0,'5,0,1');
insert into group (id,logical_expression,cardinality,columns) values (10,'LogicalProject(LogicalProjectMetadata)',50.0,'5,1');
insert into expression (id, group_id, kind) values (11, 10, 'PhysicalProject(PhysicalProjectMetadata)');
insert into expression_input (expression_id, input_group, position) values (11, 8, 0);
insert into expression_scalar (expression_id, scalar_id) values (11, 9);