insert into scalar (id, kind, referenced) values (11, 'List', true);
insert into scalar (id, kind, metadata, referenced, parent_scalar) values (55, 'ColumnAssign', '{ column: 8 }', false, 11);
insert into scalar (id, kind, metadata, referenced, parent_scalar) values (56, 'ColumnAssign', '{ column: 12 }', false, 11);
insert into scalar (id, kind, metadata, referenced, parent_scalar) values (57, 'ColumnAssign', '{ column: 15 }', false, 11);
insert into scalar (id, kind, metadata, referenced, parent_scalar) values (58, 'ColumnRef', '{ column: 8 }', false, 55);
insert into scalar (id, kind, metadata, referenced, parent_scalar) values (59, 'ColumnRef', '{ column: 12 }', false, 56);
insert into scalar (id, kind, metadata, referenced, parent_scalar) values (60, 'ColumnRef', '{ column: 15 }', false, 57);
insert into scalar (id, kind, referenced) values (4, 'List', true);
insert into scalar (id, kind, metadata, referenced, parent_scalar) values (61, 'ColumnAssign', '{ column: 0 }', false, 4);
insert into scalar (id, kind, metadata, referenced, parent_scalar) values (62, 'ColumnRef', '{ column: 0 }', false, 61);
insert into scalar (id, kind, referenced) values (16, 'List', true);
insert into scalar (id, kind, metadata, referenced, parent_scalar) values (63, 'ColumnAssign', '{ column: 17 }', false, 16);
insert into scalar (id, kind, metadata, referenced, parent_scalar) values (64, 'ColumnAssign', '{ column: 22 }', false, 16);
insert into scalar (id, kind, metadata, referenced, parent_scalar) values (65, 'ColumnAssign', '{ column: 23 }', false, 16);
insert into scalar (id, kind, metadata, referenced, parent_scalar) values (66, 'ColumnRef', '{ column: 17 }', false, 63);
insert into scalar (id, kind, metadata, referenced, parent_scalar) values (67, 'ColumnRef', '{ column: 22 }', false, 64);
insert into scalar (id, kind, metadata, referenced, parent_scalar) values (68, 'ColumnRef', '{ column: 23 }', false, 65);
insert into scalar (id, kind, referenced) values (23, 'List', true);
insert into scalar (id, kind, metadata, referenced, parent_scalar) values (69, 'ColumnAssign', '{ column: 17 }', false, 23);
insert into scalar (id, kind, metadata, referenced, parent_scalar) values (70, 'ColumnAssign', '{ column: 12 }', false, 23);
insert into scalar (id, kind, metadata, referenced, parent_scalar) values (71, 'ColumnAssign', '{ column: 15 }', false, 23);
insert into scalar (id, kind, metadata, referenced, parent_scalar) values (72, 'ColumnRef', '{ column: 17 }', false, 69);
insert into scalar (id, kind, metadata, referenced, parent_scalar) values (73, 'ColumnRef', '{ column: 12 }', false, 70);
insert into scalar (id, kind, metadata, referenced, parent_scalar) values (74, 'ColumnRef', '{ column: 15 }', false, 71);
insert into scalar (id, kind, metadata, referenced) values (14, 'NaryOp', '{ op_kind: AND }', true);
insert into scalar (id, kind, metadata, referenced, parent_scalar) values (75, 'BinaryOp', '{ op_kind: > }', false, 14);
insert into scalar (id, kind, metadata, referenced, parent_scalar) values (76, 'BinaryOp', '{ op_kind: <= }', false, 14);
insert into scalar (id, kind, metadata, referenced, parent_scalar) values (77, 'ColumnRef', '{ column: 27 }', false, 75);
insert into scalar (id, kind, metadata, referenced, parent_scalar) values (78, 'Literal', '{ value: 1995-03-29::date32 }', false, 75);
insert into scalar (id, kind, metadata, referenced, parent_scalar) values (79, 'ColumnRef', '{ column: 17 }', false, 76);
insert into scalar (id, kind, metadata, referenced, parent_scalar) values (80, 'Literal', '{ value: 150000::bigint }', false, 76);
insert into scalar (id, kind, metadata, referenced) values (27, 'ColumnRef', '{ column: 33 }', true);
insert into scalar (id, kind, metadata, referenced) values (9, 'NaryOp', '{ op_kind: AND }', true);
insert into scalar (id, kind, metadata, referenced, parent_scalar) values (81, 'BinaryOp', '{ op_kind: = }', false, 9);
insert into scalar (id, kind, metadata, referenced, parent_scalar) values (82, 'ColumnRef', '{ column: 0 }', false, 81);
insert into scalar (id, kind, metadata, referenced, parent_scalar) values (83, 'ColumnRef', '{ column: 9 }', false, 81);
insert into scalar (id, kind, referenced) values (22, 'List', true);
insert into scalar (id, kind, metadata, referenced, parent_scalar) values (84, 'ColumnAssign', '{ column: 33 }', false, 22);
insert into scalar (id, kind, metadata, referenced, parent_scalar) values (85, 'Function', '{ id: sum, kind: Aggregate, return_type: Decimal128(38, 4) }', false, 84);
insert into scalar (id, kind, metadata, referenced, parent_scalar) values (86, 'BinaryOp', '{ op_kind: * }', false, 85);
insert into scalar (id, kind, metadata, referenced, parent_scalar) values (87, 'ColumnRef', '{ column: 22 }', false, 86);
insert into scalar (id, kind, metadata, referenced, parent_scalar) values (88, 'BinaryOp', '{ op_kind: - }', false, 86);
insert into scalar (id, kind, metadata, referenced, parent_scalar) values (89, 'Literal', '{ value: 1::decimal128(20, 0) }', false, 88);
insert into scalar (id, kind, metadata, referenced, parent_scalar) values (90, 'ColumnRef', '{ column: 23 }', false, 88);
insert into scalar (id, kind, metadata, referenced) values (28, 'ColumnRef', '{ column: 12 }', true);
insert into scalar (id, kind, referenced) values (20, 'List', true);
insert into scalar (id, kind, metadata, referenced, parent_scalar) values (91, 'ColumnAssign', '{ column: 12 }', false, 20);
insert into scalar (id, kind, metadata, referenced, parent_scalar) values (92, 'ColumnAssign', '{ column: 15 }', false, 20);
insert into scalar (id, kind, metadata, referenced, parent_scalar) values (93, 'ColumnAssign', '{ column: 17 }', false, 20);
insert into scalar (id, kind, metadata, referenced, parent_scalar) values (94, 'ColumnAssign', '{ column: 22 }', false, 20);
insert into scalar (id, kind, metadata, referenced, parent_scalar) values (95, 'ColumnAssign', '{ column: 23 }', false, 20);
insert into scalar (id, kind, metadata, referenced, parent_scalar) values (96, 'ColumnRef', '{ column: 12 }', false, 91);
insert into scalar (id, kind, metadata, referenced, parent_scalar) values (97, 'ColumnRef', '{ column: 15 }', false, 92);
insert into scalar (id, kind, metadata, referenced, parent_scalar) values (98, 'ColumnRef', '{ column: 17 }', false, 93);
insert into scalar (id, kind, metadata, referenced, parent_scalar) values (99, 'ColumnRef', '{ column: 22 }', false, 94);
insert into scalar (id, kind, metadata, referenced, parent_scalar) values (100, 'ColumnRef', '{ column: 23 }', false, 95);
insert into scalar (id, kind, metadata, referenced) values (7, 'NaryOp', '{ op_kind: AND }', true);
insert into scalar (id, kind, metadata, referenced, parent_scalar) values (101, 'BinaryOp', '{ op_kind: <= }', false, 7);
insert into scalar (id, kind, metadata, referenced, parent_scalar) values (102, 'BinaryOp', '{ op_kind: < }', false, 7);
insert into scalar (id, kind, metadata, referenced, parent_scalar) values (103, 'BinaryOp', '{ op_kind: <= }', false, 7);
insert into scalar (id, kind, metadata, referenced, parent_scalar) values (104, 'ColumnRef', '{ column: 8 }', false, 101);
insert into scalar (id, kind, metadata, referenced, parent_scalar) values (105, 'Literal', '{ value: 150000::bigint }', false, 101);
insert into scalar (id, kind, metadata, referenced, parent_scalar) values (106, 'ColumnRef', '{ column: 12 }', false, 102);
insert into scalar (id, kind, metadata, referenced, parent_scalar) values (107, 'Literal', '{ value: 1995-03-29::date32 }', false, 102);
insert into scalar (id, kind, metadata, referenced, parent_scalar) values (108, 'ColumnRef', '{ column: 9 }', false, 103);
insert into scalar (id, kind, metadata, referenced, parent_scalar) values (109, 'Literal', '{ value: 15000::bigint }', false, 103);
insert into scalar (id, kind, metadata, referenced) values (34, 'Literal', '{ value: true::boolean }', true);
insert into scalar (id, kind, referenced) values (25, 'List', true);
insert into scalar (id, kind, metadata, referenced, parent_scalar) values (110, 'ColumnAssign', '{ column: 17 }', false, 25);
insert into scalar (id, kind, metadata, referenced, parent_scalar) values (111, 'ColumnAssign', '{ column: 33 }', false, 25);
insert into scalar (id, kind, metadata, referenced, parent_scalar) values (112, 'ColumnAssign', '{ column: 12 }', false, 25);
insert into scalar (id, kind, metadata, referenced, parent_scalar) values (113, 'ColumnAssign', '{ column: 15 }', false, 25);
insert into scalar (id, kind, metadata, referenced, parent_scalar) values (114, 'ColumnRef', '{ column: 17 }', false, 110);
insert into scalar (id, kind, metadata, referenced, parent_scalar) values (115, 'ColumnRef', '{ column: 33 }', false, 111);
insert into scalar (id, kind, metadata, referenced, parent_scalar) values (116, 'ColumnRef', '{ column: 12 }', false, 112);
insert into scalar (id, kind, metadata, referenced, parent_scalar) values (117, 'ColumnRef', '{ column: 15 }', false, 113);
insert into scalar (id, kind, metadata, referenced) values (18, 'NaryOp', '{ op_kind: AND }', true);
insert into scalar (id, kind, metadata, referenced, parent_scalar) values (118, 'BinaryOp', '{ op_kind: = }', false, 18);
insert into scalar (id, kind, metadata, referenced, parent_scalar) values (119, 'ColumnRef', '{ column: 8 }', false, 118);
insert into scalar (id, kind, metadata, referenced, parent_scalar) values (120, 'ColumnRef', '{ column: 17 }', false, 118);
insert into scalar (id, kind, metadata, referenced) values (2, 'NaryOp', '{ op_kind: AND }', true);
insert into scalar (id, kind, metadata, referenced, parent_scalar) values (121, 'BinaryOp', '{ op_kind: = }', false, 2);
insert into scalar (id, kind, metadata, referenced, parent_scalar) values (122, 'BinaryOp', '{ op_kind: <= }', false, 2);
insert into scalar (id, kind, metadata, referenced, parent_scalar) values (123, 'ColumnRef', '{ column: 6 }', false, 121);
insert into scalar (id, kind, metadata, referenced, parent_scalar) values (124, 'Literal', '{ value: FURNITURE::utf8_view }', false, 121);
insert into scalar (id, kind, metadata, referenced, parent_scalar) values (125, 'ColumnRef', '{ column: 0 }', false, 122);
insert into scalar (id, kind, metadata, referenced, parent_scalar) values (126, 'Literal', '{ value: 15000::bigint }', false, 122);
insert into group (id,kind,metadata,cardinality,columns) values (1,'LogicalGet','{ source: 1, first_column: 0, projections: [0, 6] }',15000,'0,6');
insert into expression (id, group_id, kind, metadata) values (50, 1, 'PhysicalTableScan', '{ source: 1, first_column: 0, projections: [0, 6] }');
insert into group (id,kind,cardinality,columns) values (3,'LogicalSelect',1500,'6,0');
insert into expression (id, group_id, kind) values (49, 3, 'PhysicalFilter');
insert into expression_input (expression_id, input_group, position) values (49, 1, 0);
insert into expression_scalar (expression_id, scalar_id) values (49, 2);
insert into group (id,kind,cardinality,columns) values (5,'LogicalProject',1500,'0');
insert into expression (id, group_id, kind) values (45, 5, 'PhysicalProject');
insert into expression_input (expression_id, input_group, position) values (45, 3, 0);
insert into expression_scalar (expression_id, scalar_id) values (45, 4);
insert into group (id,kind,metadata,cardinality,columns) values (6,'LogicalGet','{ source: 2, first_column: 8, projections: [0, 1, 4, 7] }',150000,'12,9,15,8');
insert into expression (id, group_id, kind, metadata) values (51, 6, 'PhysicalTableScan', '{ source: 2, first_column: 8, projections: [0, 1, 4, 7] }');
insert into group (id,kind,cardinality,columns) values (8,'LogicalSelect',15000,'12,8,15,9');
insert into expression (id, group_id, kind) values (48, 8, 'PhysicalFilter');
insert into expression_input (expression_id, input_group, position) values (48, 6, 0);
insert into expression_scalar (expression_id, scalar_id) values (48, 7);
insert into group (id,kind,metadata,cardinality,columns) values (10,'LogicalJoin','{ join_type: Inner }',9000000,'12,15,0,9,8');
insert into expression (id, group_id, kind, metadata) values (42, 10, 'PhysicalHashJoin', '{ join_type: Inner, keys: [(0, 9)] }');
insert into expression_input (expression_id, input_group, position) values (42, 5, 0);
insert into expression_input (expression_id, input_group, position) values (42, 8, 1);
insert into expression_scalar (expression_id, scalar_id) values (42, 34);
insert into expression (id, group_id, kind, metadata) values (43, 10, 'PhysicalNLJoin', '{ join_type: Inner }');
insert into expression_input (expression_id, input_group, position) values (43, 5, 0);
insert into expression_input (expression_id, input_group, position) values (43, 8, 1);
insert into expression_scalar (expression_id, scalar_id) values (43, 9);
insert into expression (id, group_id, kind, metadata) values (44, 10, 'LogicalJoin', '{ join_type: Inner }');
insert into expression_input (expression_id, input_group, position) values (44, 8, 0);
insert into expression_input (expression_id, input_group, position) values (44, 5, 1);
insert into expression_scalar (expression_id, scalar_id) values (44, 9);
insert into expression (id, group_id, kind, metadata) values (46, 10, 'PhysicalHashJoin', '{ join_type: Inner, keys: [(9, 0)] }');
insert into expression_input (expression_id, input_group, position) values (46, 8, 0);
insert into expression_input (expression_id, input_group, position) values (46, 5, 1);
insert into expression_scalar (expression_id, scalar_id) values (46, 34);
insert into expression (id, group_id, kind, metadata) values (47, 10, 'PhysicalNLJoin', '{ join_type: Inner }');
insert into expression_input (expression_id, input_group, position) values (47, 8, 0);
insert into expression_input (expression_id, input_group, position) values (47, 5, 1);
insert into expression_scalar (expression_id, scalar_id) values (47, 9);
insert into group (id,kind,cardinality,columns) values (12,'LogicalProject',9000000,'15,8,12');
insert into expression (id, group_id, kind) values (38, 12, 'PhysicalProject');
insert into expression_input (expression_id, input_group, position) values (38, 10, 0);
insert into expression_scalar (expression_id, scalar_id) values (38, 11);
insert into group (id,kind,metadata,cardinality,columns) values (13,'LogicalGet','{ source: 3, first_column: 17, projections: [0, 5, 6, 10] }',600572,'27,23,17,22');
insert into expression (id, group_id, kind, metadata) values (53, 13, 'PhysicalTableScan', '{ source: 3, first_column: 17, projections: [0, 5, 6, 10] }');
insert into group (id,kind,cardinality,columns) values (15,'LogicalSelect',60057.200000000004,'23,22,27,17');
insert into expression (id, group_id, kind) values (52, 15, 'PhysicalFilter');
insert into expression_input (expression_id, input_group, position) values (52, 13, 0);
insert into expression_scalar (expression_id, scalar_id) values (52, 14);
insert into group (id,kind,cardinality,columns) values (17,'LogicalProject',60057.200000000004,'22,17,23');
insert into expression (id, group_id, kind) values (41, 17, 'PhysicalProject');
insert into expression_input (expression_id, input_group, position) values (41, 15, 0);
insert into expression_scalar (expression_id, scalar_id) values (41, 16);
insert into group (id,kind,metadata,cardinality,columns) values (19,'LogicalJoin','{ join_type: Inner }',216205920000.00003,'23,15,8,12,17,22');
insert into expression (id, group_id, kind, metadata) values (35, 19, 'PhysicalHashJoin', '{ join_type: Inner, keys: [(8, 17)] }');
insert into expression_input (expression_id, input_group, position) values (35, 12, 0);
insert into expression_input (expression_id, input_group, position) values (35, 17, 1);
insert into expression_scalar (expression_id, scalar_id) values (35, 34);
insert into expression (id, group_id, kind, metadata) values (36, 19, 'PhysicalNLJoin', '{ join_type: Inner }');
insert into expression_input (expression_id, input_group, position) values (36, 12, 0);
insert into expression_input (expression_id, input_group, position) values (36, 17, 1);
insert into expression_scalar (expression_id, scalar_id) values (36, 18);
insert into expression (id, group_id, kind, metadata) values (37, 19, 'LogicalJoin', '{ join_type: Inner }');
insert into expression_input (expression_id, input_group, position) values (37, 17, 0);
insert into expression_input (expression_id, input_group, position) values (37, 12, 1);
insert into expression_scalar (expression_id, scalar_id) values (37, 18);
insert into expression (id, group_id, kind, metadata) values (39, 19, 'PhysicalHashJoin', '{ join_type: Inner, keys: [(17, 8)] }');
insert into expression_input (expression_id, input_group, position) values (39, 17, 0);
insert into expression_input (expression_id, input_group, position) values (39, 12, 1);
insert into expression_scalar (expression_id, scalar_id) values (39, 34);
insert into expression (id, group_id, kind, metadata) values (40, 19, 'PhysicalNLJoin', '{ join_type: Inner }');
insert into expression_input (expression_id, input_group, position) values (40, 17, 0);
insert into expression_input (expression_id, input_group, position) values (40, 12, 1);
insert into expression_scalar (expression_id, scalar_id) values (40, 18);
insert into group (id,kind,cardinality,columns) values (21,'LogicalProject',216205920000.00003,'23,15,17,22,12');
insert into expression (id, group_id, kind) values (33, 21, 'PhysicalProject');
insert into expression_input (expression_id, input_group, position) values (33, 19, 0);
insert into expression_scalar (expression_id, scalar_id) values (33, 20);
insert into group (id,kind,cardinality,columns) values (24,'LogicalAggregate',0.008000000000000002,'15,12,33,17');
insert into expression (id, group_id, kind) values (32, 24, 'PhysicalHashAggregate');
insert into expression_input (expression_id, input_group, position) values (32, 21, 0);
insert into expression_scalar (expression_id, scalar_id) values (32, 22);
insert into expression_scalar (expression_id, scalar_id) values (32, 23);
insert into expression (id, group_id, kind, metadata) values (54, 24, 'EnforcerSort', '{ tuple_ordering: [{ column: 33, direction: DESC }, { column: 12, direction: ASC }] }');
insert into expression_input (expression_id, input_group, position) values (54, 24, 0);
insert into group (id,kind,cardinality,columns) values (26,'LogicalProject',0.008000000000000002,'12,15,33,17');
insert into expression (id, group_id, kind, metadata) values (30, 26, 'EnforcerSort', '{ tuple_ordering: [{ column: 33, direction: DESC }, { column: 12, direction: ASC }] }');
insert into expression_input (expression_id, input_group, position) values (30, 26, 0);
insert into expression (id, group_id, kind) values (31, 26, 'PhysicalProject');
insert into expression_input (expression_id, input_group, position) values (31, 24, 0);
insert into expression_scalar (expression_id, scalar_id) values (31, 25);
insert into group (id,kind,metadata,cardinality,columns) values (29,'LogicalOrderBy','{ directions: [false, true] }',0.008000000000000002,'17,15,33,12');